first_name,last_name,url,email_address,company,position,connected_on
John,Smith,https://linkedin.com/in/johnsmith,john.smith@email.com,TechCorp,Software Engineer,2023-01-13T00:00:00Z
Sarah,Johnson,https://linkedin.com/in/sarahjohnson,sarah.johnson@email.com,DataFlow Inc,Data Scientist,2023-03-19T00:00:00Z
Michael,Brown,https://linkedin.com/in/michaelbrown,michael.brown@email.com,CloudTech,DevOps Engineer,2023-01-27T00:00:00Z
Emily,Davis,https://linkedin.com/in/emilydavis,emily.davis@email.com,StartupXYZ,Product Manager,2025-08-06T00:00:00Z
David,Wilson,https://linkedin.com/in/davidwilson,david.wilson@email.com,FinancePro,Financial Analyst,2023-01-16T00:00:00Z
Lisa,Anderson,https://linkedin.com/in/lisaanderson,lisa.anderson@email.com,MarketingPlus,Marketing Director,2024-03-20T00:00:00Z
Robert,Taylor,https://linkedin.com/in/roberttaylor,robert.taylor@email.com,HealthTech,Software Developer,2025-09-04T00:00:00Z
Jennifer,Thomas,https://linkedin.com/in/jenniferthomas,jennifer.thomas@email.com,EdTech Solutions,UX Designer,2023-04-15T00:00:00Z
Christopher,Jackson,https://linkedin.com/in/christopherjackson,christopher.jackson@email.com,RetailMax,Operations Manager,2023-06-18T00:00:00Z
Amanda,White,https://linkedin.com/in/amandawhite,amanda.white@email.com,ConsultingPro,Business Analyst,2025-05-27T00:00:00Z
James,Harris,https://linkedin.com/in/jamesharris,james.harris@email.com,ManufacturingCo,Quality Engineer,2023-08-19T00:00:00Z
Michelle,Martin,https://linkedin.com/in/michellemartin,michelle.martin@email.com,LogisticsPro,Supply Chain Manager,2023-02-26T00:00:00Z
Daniel,Thompson,https://linkedin.com/in/danielthompson,daniel.thompson@email.com,EnergyCorp,Electrical Engineer,2023-05-16T00:00:00Z
Ashley,Garcia,https://linkedin.com/in/ashleygarcia,ashley.garcia@email.com,MediaGroup,Content Creator,2025-04-08T00:00:00Z
Matthew,Martinez,https://linkedin.com/in/matthewmartinez,matthew.martinez@email.com,RealEstatePro,Real Estate Agent,2024-08-02T00:00:00Z
Jessica,Robinson,https://linkedin.com/in/jessicarobinson,jessica.robinson@email.com,LegalFirm,Paralegal,2023-10-23T00:00:00Z
Andrew,Clark,https://linkedin.com/in/andrewclark,andrew.clark@email.com,ConstructionCo,Project Manager,2023-03-16T00:00:00Z
Stephanie,Rodriguez,https://linkedin.com/in/stephanierodriguez,stephanie.rodriguez@email.com,TravelAgency,Travel Consultant,2023-08-17T00:00:00Z
Kevin,Lewis,https://linkedin.com/in/kevinlewis,kevin.lewis@email.com,FoodService,Restaurant Manager,2025-05-20T00:00:00Z
Nicole,Lee,https://linkedin.com/in/nicolelee,nicole.lee@email.com,FashionBrand,Marketing Specialist,2024-02-29T00:00:00Z
Ryan,Walker,https://linkedin.com/in/ryanwalker,ryan.walker@email.com,SportsTech,Sports Analyst,2023-07-19T00:00:00Z
Samantha,Hall,https://linkedin.com/in/samanthahall,samantha.hall@email.com,MusicStudio,Audio Engineer,2024-12-27T00:00:00Z
Brandon,Allen,https://linkedin.com/in/brandonallen,brandon.allen@email.com,AutomotiveCo,Mechanical Engineer,2023-04-18T00:00:00Z
Rachel,Young,https://linkedin.com/in/rachelyoung,rachel.young@email.com,PharmaCorp,Research Scientist,2025-03-08T00:00:00Z
Tyler,King,https://linkedin.com/in/tylerking,tyler.king@email.com,TelecomPro,Network Engineer,2024-02-16T00:00:00Z
Lauren,Wright,https://linkedin.com/in/laurenwright,lauren.wright@email.com,InsuranceCo,Actuary,2023-03-09T00:00:00Z
Jonathan,Lopez,https://linkedin.com/in/jonathanlopez,jonathan.lopez@email.com,GovernmentAgency,Policy Analyst,2023-04-29T00:00:00Z
Megan,Hill,https://linkedin.com/in/meganhill,megan.hill@email.com,NonProfitOrg,Program Coordinator,2024-02-09T00:00:00Z
Justin,Scott,https://linkedin.com/in/justinscott,justin.scott@email.com,AgricultureCo,Farm Manager,2023-03-02T00:00:00Z
Kayla,Green,https://linkedin.com/in/kaylagreen,kayla.green@email.com,EnvironmentalOrg,Environmental Scientist,2025-02-05T00:00:00Z
Nathan,Adams,https://linkedin.com/in/nathanadams,nathan.adams@email.com,TransportationCo,Logistics Coordinator,2025-09-02T00:00:00Z
Brittany,Baker,https://linkedin.com/in/brittanybaker,brittany.baker@email.com,BeautyBrand,Product Developer,2023-03-22T00:00:00Z
Aaron,Gonzalez,https://linkedin.com/in/aarongonzalez,aaron.gonzalez@email.com,CybersecurityPro,Security Analyst,2024-09-20T00:00:00Z
Crystal,Nelson,https://linkedin.com/in/crystalnelson,crystal.nelson@email.com,EventPlanning,Event Coordinator,2023-01-03T00:00:00Z
Jordan,Carter,https://linkedin.com/in/jordancarter,jordan.carter@email.com,PetCareCo,Veterinarian,2024-09-18T00:00:00Z
Vanessa,Mitchell,https://linkedin.com/in/vanessamitchell,vanessa.mitchell@email.com,HomeServices,Interior Designer,2023-08-18T00:00:00Z
Cameron,Perez,https://linkedin.com/in/cameronperez,cameron.perez@email.com,EntertainmentCo,Video Editor,2025-06-12T00:00:00Z
Monica,Roberts,https://linkedin.com/in/monicaroberts,monica.roberts@email.com,FitnessCenter,Personal Trainer,2024-02-05T00:00:00Z
Zachary,Turner,https://linkedin.com/in/zacharyturner,zachary.turner@email.com,AviationCo,Pilot,2024-08-20T00:00:00Z
Heather,Phillips,https://linkedin.com/in/heatherphillips,heather.phillips@email.com,WellnessCenter,Therapist,2023-09-10T00:00:00Z
Sean,Campbell,https://linkedin.com/in/seancampbell,sean.campbell@email.com,MarineTech,Naval Engineer,2023-06-02T00:00:00Z
Tiffany,Parker,https://linkedin.com/in/tiffanyparker,tiffany.parker@email.com,JewelryStore,Jewelry Designer,2023-08-31T00:00:00Z
Derek,Evans,https://linkedin.com/in/derekevans,derek.evans@email.com,SpaceTech,Aerospace Engineer,2025-07-12T00:00:00Z
Candice,Edwards,https://linkedin.com/in/candiceedwards,candice.edwards@email.com,ArtGallery,Curator,2025-01-20T00:00:00Z
Marcus,Collins,https://linkedin.com/in/marcuscollins,marcus.collins@email.com,BlockchainPro,Blockchain Developer,2024-01-13T00:00:00Z
Danielle,Stewart,https://linkedin.com/in/daniellestewart,danielle.stewart@email.com,LanguageSchool,Language Teacher,2024-03-09T00:00:00Z
Travis,Sanchez,https://linkedin.com/in/travissanchez,travis.sanchez@email.com,DeliveryCo,Operations Director,2024-09-15T00:00:00Z
Jasmine,Morris,https://linkedin.com/in/jasminemorris,jasmine.morris@email.com,PhotographyStudio,Photographer,2023-08-27T00:00:00Z
Corey,Rogers,https://linkedin.com/in/coreyrogers,corey.rogers@email.com,CleaningServices,Operations Manager,2023-10-17T00:00:00Z
Destiny,Reed,https://linkedin.com/in/destinyreed,destiny.reed@email.com,ChildcareCenter,Childcare Director,2023-10-02T00:00:00Z
Devin,Cook,https://linkedin.com/in/devincook,devin.cook@email.com,PlumbingCo,Plumber,2024-12-13T00:00:00Z
Sierra,Morgan,https://linkedin.com/in/sierramorgan,sierra.morgan@email.com,Bookstore,Store Manager,2024-03-13T00:00:00Z
Blake,Bell,https://linkedin.com/in/blakebell,blake.bell@email.com,ElectronicsStore,Electronics Technician,2024-04-23T00:00:00Z
Maya,Murphy,https://linkedin.com/in/mayamurphy,maya.murphy@email.com,FlowerShop,Florist,2024-07-16T00:00:00Z
Ethan,Bailey,https://linkedin.com/in/ethanbailey,ethan.bailey@email.com,HardwareStore,Store Associate,2024-04-27T00:00:00Z
Ariana,Rivera,https://linkedin.com/in/arianarivera,ariana.rivera@email.com,Salon,Hairstylist,2023-09-01T00:00:00Z
Noah,Cooper,https://linkedin.com/in/noahcooper,noah.cooper@email.com,Barbershop,Barber,2024-05-10T00:00:00Z
Gabrielle,Richardson,https://linkedin.com/in/gabriellerichardson,gabrielle.richardson@email.com,NailSalon,Nail Technician,2023-08-23T00:00:00Z
Liam,Cox,https://linkedin.com/in/liamcox,liam.cox@email.com,TattooStudio,Tattoo Artist,2023-08-28T00:00:00Z
Isabella,Howard,https://linkedin.com/in/isabellahoward,isabella.howard@email.com,MassageTherapy,Massage Therapist,2024-06-11T00:00:00Z
Mason,Ward,https://linkedin.com/in/masonward,mason.ward@email.com,CarWash,Car Wash Manager,2024-06-30T00:00:00Z
Sophia,Torres,https://linkedin.com/in/sophiatorres,sophia.torres@email.com,DryCleaning,Dry Cleaner,2023-09-27T00:00:00Z
William,Peterson,https://linkedin.com/in/williampeterson,william.peterson@email.com,Laundromat,Laundromat Owner,2024-07-07T00:00:00Z
Emma,Gray,https://linkedin.com/in/emmagray,emma.gray@email.com,StorageFacility,Storage Manager,2025-06-01T00:00:00Z
James,Ramirez,https://linkedin.com/in/jamesramirez,james.ramirez@email.com,MovingCompany,Moving Coordinator,2025-04-06T00:00:00Z
Olivia,James,https://linkedin.com/in/oliviajames,olivia.james@email.com,PestControl,Pest Control Technician,2024-10-10T00:00:00Z
Benjamin,Watson,https://linkedin.com/in/benjaminwatson,benjamin.watson@email.com,Landscaping,Landscaper,2024-11-21T00:00:00Z
Ava,Brooks,https://linkedin.com/in/avabrooks,ava.brooks@email.com,PoolService,Pool Technician,2023-07-29T00:00:00Z
Lucas,Kelly,https://linkedin.com/in/lucaskelly,lucas.kelly@email.com,WindowCleaning,Window Cleaner,2025-09-07T00:00:00Z
Mia,Sanders,https://linkedin.com/in/miasanders,mia.sanders@email.com,CarpetCleaning,Carpet Cleaner,2023-01-10T00:00:00Z
Henry,Price,https://linkedin.com/in/henryprice,henry.price@email.com,AirConditioning,AC Technician,2023-04-04T00:00:00Z
Charlotte,Bennett,https://linkedin.com/in/charlottebennett,charlotte.bennett@email.com,HeatingService,Heating Technician,2023-03-28T00:00:00Z
Alexander,Wood,https://linkedin.com/in/alexanderwood,alexander.wood@email.com,ElectricianService,Electrician,2025-03-28T00:00:00Z
Amelia,Barnes,https://linkedin.com/in/ameliabarnes,amelia.barnes@email.com,LockSmith,Lock Smith,2025-07-07T00:00:00Z
Mason,Ross,https://linkedin.com/in/masonross,mason.ross@email.com,SecurityService,Security Guard,2025-01-20T00:00:00Z
Harper,Henderson,https://linkedin.com/in/harperhenderson,harper.henderson@email.com,AlarmSystem,Alarm Technician,2024-03-16T00:00:00Z
Ethan,Coleman,https://linkedin.com/in/ethancoleman,ethan.coleman@email.com,CameraInstallation,Camera Installer,2024-04-23T00:00:00Z
Evelyn,Jenkins,https://linkedin.com/in/evelynjenkins,evelyn.jenkins@email.com,HomeAutomation,Home Automation Specialist,2025-08-04T00:00:00Z
Michael,Perry,https://linkedin.com/in/michaelperry,michael.perry@email.com,SmartHome,Smart Home Consultant,2024-05-15T00:00:00Z
Abigail,Powell,https://linkedin.com/in/abigailpowell,abigail.powell@email.com,SolarInstallation,Solar Installer,2025-06-11T00:00:00Z
Daniel,Long,https://linkedin.com/in/daniellong,daniel.long@email.com,WindEnergy,Wind Energy Technician,2023-09-23T00:00:00Z
Emily,Patterson,https://linkedin.com/in/emilypatterson,emily.patterson@email.com,GeothermalEnergy,Geothermal Technician,2024-03-23T00:00:00Z
Matthew,Hughes,https://linkedin.com/in/matthewhughes,matthew.hughes@email.com,Hydroelectric,Hydroelectric Engineer,2024-07-19T00:00:00Z
Elizabeth,Flores,https://linkedin.com/in/elizabethflores,elizabeth.flores@email.com,Biofuel,Biofuel Researcher,2025-08-04T00:00:00Z
Jackson,Washington,https://linkedin.com/in/jacksonwashington,jackson.washington@email.com,NuclearEnergy,Nuclear Engineer,2023-09-17T00:00:00Z
Sofia,Butler,https://linkedin.com/in/sofiabutler,sofia.butler@email.com,CoalMining,Coal Mining Engineer,2024-10-02T00:00:00Z
Sebastian,Simmons,https://linkedin.com/in/sebastiansimmons,sebastian.simmons@email.com,OilGas,Oil and Gas Engineer,2023-11-06T00:00:00Z
Avery,Foster,https://linkedin.com/in/averyfoster,avery.foster@email.com,NaturalGas,Natural Gas Technician,2023-05-22T00:00:00Z
Jackson,Gonzales,https://linkedin.com/in/jacksongonzales,jackson.gonzales@email.com,PropaneService,Propane Technician,2024-10-29T00:00:00Z
Ella,Bryant,https://linkedin.com/in/ellabryant,ella.bryant@email.com,WaterTreatment,Water Treatment Specialist,2025-06-08T00:00:00Z
Logan,Alexander,https://linkedin.com/in/loganalexander,logan.alexander@email.com,WasteManagement,Waste Management Coordinator,2024-12-07T00:00:00Z
Madison,Russell,https://linkedin.com/in/madisonrussell,madison.russell@email.com,RecyclingCenter,Recycling Coordinator,2024-07-24T00:00:00Z
Lucas,Griffin,https://linkedin.com/in/lucasgriffin,lucas.griffin@email.com,Composting,Composting Specialist,2023-05-18T00:00:00Z
Scarlett,Diaz,https://linkedin.com/in/scarlettdiaz,scarlett.diaz@email.com,GreenEnergy,Green Energy Consultant,2023-05-30T00:00:00Z
Oliver,Hayes,https://linkedin.com/in/oliverhayes,oliver.hayes@email.com,CarbonFootprint,Carbon Footprint Analyst,2024-09-17T00:00:00Z
Grace,Myers,https://linkedin.com/in/gracemyers,grace.myers@email.com,Sustainability,Sustainability Coordinator,2024-07-31T00:00:00Z
